[{"topK_age": 381, "topK_region": 903, "shrink_region": 478, "shrink_age": 494, "age_weight": 0.7656948089568776, "similarity": "cosine", "normalize": true}, {"topK_age": 1000, "topK_region": 0, "shrink_region": 1000, "shrink_age": 1000, "age_weight": 0.0, "similarity": "cosine", "normalize": false}, {"topK_age": 7, "topK_region": 591, "shrink_region": 58, "shrink_age": 26, "age_weight": 0.9967294262423144, "similarity": "cosine", "normalize": false}, {"topK_age": 1, "topK_region": 57, "shrink_region": 108, "shrink_age": 3, "age_weight": 0.06821752347702471, "similarity": "cosine", "normalize": true}, {"topK_age": 958, "topK_region": 974, "shrink_region": 877, "shrink_age": 924, "age_weight": 0.8583834980051356, "similarity": "cosine", "normalize": true}, {"topK_age": 57, "topK_region": 984, "shrink_region": 444, "shrink_age": 960, "age_weight": 0.06610731895515877, "similarity": "cosine", "normalize": false}, {"topK_age": 972, "topK_region": 967, "shrink_region": 58, "shrink_age": 15, "age_weight": 0.9884871403914572, "similarity": "cosine", "normalize": false}, {"topK_age": 1000, "topK_region": 1000, "shrink_region": 1000, "shrink_age": 0, "age_weight": 1.0, "similarity": "cosine", "normalize": true}, {"topK_age": 1000, "topK_region": 1000, "shrink_region": 0, "shrink_age": 1000, "age_weight": 1.0, "similarity": "cosine", "normalize": true}, {"topK_age": 982, "topK_region": 48, "shrink_region": 967, "shrink_age": 184, "age_weight": 0.966772487800834, "similarity": "cosine", "normalize": true}, {"topK_age": 0, "topK_region": 1000, "shrink_region": 1000, "shrink_age": 1000, "age_weight": 1.0, "similarity": "cosine", "normalize": true}, {"topK_age": 978, "topK_region": 41, "shrink_region": 75, "shrink_age": 985, "age_weight": 0.07027095102382076, "similarity": "cosine", "normalize": true}, {"topK_age": 938, "topK_region": 31, "shrink_region": 38, "shrink_age": 12, "age_weight": 0.1001536643934682, "similarity": "cosine", "normalize": false}, {"topK_age": 986, "topK_region": 960, "shrink_region": 421, "shrink_age": 20, "age_weight": 0.059047156709132756, "similarity": "cosine", "normalize": false}, {"topK_age": 14, "topK_region": 36, "shrink_region": 966, "shrink_age": 150, "age_weight": 0.9850826752519358, "similarity": "cosine", "normalize": false}, {"topK_age": 981, "topK_region": 943, "shrink_region": 26, "shrink_age": 945, "age_weight": 0.07021743671142656, "similarity": "cosine", "normalize": false}, {"topK_age": 948, "topK_region": 82, "shrink_region": 19, "shrink_age": 927, "age_weight": 0.9920769685193352, "similarity": "cosine", "normalize": false}, {"topK_age": 1000, "topK_region": 1000, "shrink_region": 0, "shrink_age": 0, "age_weight": 0.0, "similarity": "cosine", "normalize": true}, {"topK_age": 970, "topK_region": 894, "shrink_region": 992, "shrink_age": 1, "age_weight": 0.10048099852615469, "similarity": "cosine", "normalize": false}, {"topK_age": 981, "topK_region": 145, "shrink_region": 922, "shrink_age": 36, "age_weight": 0.008638957892695422, "similarity": "cosine", "normalize": true}, {"topK_age": 971, "topK_region": 61, "shrink_region": 5, "shrink_age": 960, "age_weight": 0.8904231018782954, "similarity": "cosine", "normalize": true}, {"topK_age": 987, "topK_region": 35, "shrink_region": 966, "shrink_age": 84, "age_weight": 0.9016860394216528, "similarity": "cosine", "normalize": false}, {"topK_age": 1000, "topK_region": 1000, "shrink_region": 0, "shrink_age": 0, "age_weight": 1.0, "similarity": "cosine", "normalize": false}, {"topK_age": 1000, "topK_region": 1000, "shrink_region": 0, "shrink_age": 0, "age_weight": 1.0, "similarity": "cosine", "normalize": true}, {"topK_age": 22, "topK_region": 69, "shrink_region": 10, "shrink_age": 992, "age_weight": 0.01992715898764841, "similarity": "cosine", "normalize": false}, {"topK_age": 1000, "topK_region": 1000, "shrink_region": 0, "shrink_age": 1000, "age_weight": 1.0, "similarity": "cosine", "normalize": false}, {"topK_age": 1000, "topK_region": 1000, "shrink_region": 1000, "shrink_age": 0, "age_weight": 1.0, "similarity": "cosine", "normalize": false}, {"topK_age": 1000, "topK_region": 1000, "shrink_region": 0, "shrink_age": 0, "age_weight": 1.0, "similarity": "cosine", "normalize": true}, {"topK_age": 982, "topK_region": 895, "shrink_region": 954, "shrink_age": 987, "age_weight": 0.10151952047959659, "similarity": "cosine", "normalize": false}, {"topK_age": 1000, "topK_region": 1000, "shrink_region": 1000, "shrink_age": 1000, "age_weight": 1.0, "similarity": "cosine", "normalize": false}, {"topK_age": 30, "topK_region": 906, "shrink_region": 985, "shrink_age": 30, "age_weight": 0.7007032222455924, "similarity": "cosine", "normalize": true}, {"topK_age": 992, "topK_region": 95, "shrink_region": 938, "shrink_age": 33, "age_weight": 0.977133174917326, "similarity": "cosine", "normalize": true}, {"topK_age": 1000, "topK_region": 1000, "shrink_region": 1000, "shrink_age": 0, "age_weight": 0.0, "similarity": "cosine", "normalize": true}, {"topK_age": 54, "topK_region": 998, "shrink_region": 77, "shrink_age": 939, "age_weight": 0.009754073255979769, "similarity": "cosine", "normalize": true}, {"topK_age": 9, "topK_region": 8, "shrink_region": 31, "shrink_age": 97, "age_weight": 0.9328562682736148, "similarity": "cosine", "normalize": false}, {"topK_age": 989, "topK_region": 74, "shrink_region": 774, "shrink_age": 943, "age_weight": 0.9895022079751286, "similarity": "cosine", "normalize": true}, {"topK_age": 949, "topK_region": 135, "shrink_region": 122, "shrink_age": 933, "age_weight": 0.0020021557972980113, "similarity": "cosine", "normalize": true}, {"topK_age": 924, "topK_region": 966, "shrink_region": 985, "shrink_age": 959, "age_weight": 0.08767305833539808, "similarity": "cosine", "normalize": false}, {"topK_age": 975, "topK_region": 8, "shrink_region": 763, "shrink_age": 992, "age_weight": 0.04947775079454121, "similarity": "cosine", "normalize": true}, {"topK_age": 976, "topK_region": 85, "shrink_region": 2, "shrink_age": 934, "age_weight": 0.9228436109376396, "similarity": "cosine", "normalize": true}, {"topK_age": 26, "topK_region": 995, "shrink_region": 991, "shrink_age": 807, "age_weight": 0.9623473785539507, "similarity": "cosine", "normalize": false}, {"topK_age": 976, "topK_region": 5, "shrink_region": 104, "shrink_age": 82, "age_weight": 0.0911069218151045, "similarity": "cosine", "normalize": false}, {"topK_age": 1000, "topK_region": 1000, "shrink_region": 0, "shrink_age": 1000, "age_weight": 1.0, "similarity": "cosine", "normalize": true}, {"topK_age": 21, "topK_region": 982, "shrink_region": 925, "shrink_age": 24, "age_weight": 0.021655102083363634, "similarity": "cosine", "normalize": true}, {"topK_age": 1000, "topK_region": 1000, "shrink_region": 0, "shrink_age": 1000, "age_weight": 1.0, "similarity": "cosine", "normalize": false}, {"topK_age": 919, "topK_region": 950, "shrink_region": 965, "shrink_age": 999, "age_weight": 0.037567247436166136, "similarity": "cosine", "normalize": false}, {"topK_age": 986, "topK_region": 66, "shrink_region": 25, "shrink_age": 34, "age_weight": 0.03876423622597059, "similarity": "cosine", "normalize": false}, {"topK_age": 999, "topK_region": 37, "shrink_region": 927, "shrink_age": 964, "age_weight": 0.2421828886860719, "similarity": "cosine", "normalize": true}, {"topK_age": 997, "topK_region": 20, "shrink_region": 996, "shrink_age": 20, "age_weight": 0.6564435051026685, "similarity": "cosine", "normalize": false}, {"topK_age": 1000, "topK_region": 1000, "shrink_region": 1000, "shrink_age": 1000, "age_weight": 1.0, "similarity": "cosine", "normalize": false}, {"topK_age": 940, "topK_region": 926, "shrink_region": 39, "shrink_age": 4, "age_weight": 0.04610610572385943, "similarity": "cosine", "normalize": true}, {"topK_age": 1000, "topK_region": 1000, "shrink_region": 0, "shrink_age": 1000, "age_weight": 0.0, "similarity": "cosine", "normalize": false}, {"topK_age": 935, "topK_region": 4, "shrink_region": 956, "shrink_age": 939, "age_weight": 0.9930106842820992, "similarity": "cosine", "normalize": true}, {"topK_age": 1000, "topK_region": 1000, "shrink_region": 1000, "shrink_age": 0, "age_weight": 1.0, "similarity": "cosine", "normalize": true}, {"topK_age": 24, "topK_region": 8, "shrink_region": 912, "shrink_age": 760, "age_weight": 0.04067268282912485, "similarity": "cosine", "normalize": true}, {"topK_age": 1000, "topK_region": 1000, "shrink_region": 0, "shrink_age": 0, "age_weight": 1.0, "similarity": "cosine", "normalize": true}, {"topK_age": 25, "topK_region": 20, "shrink_region": 33, "shrink_age": 873, "age_weight": 0.8414634505032271, "similarity": "cosine", "normalize": false}, {"topK_age": 998, "topK_region": 944, "shrink_region": 982, "shrink_age": 40, "age_weight": 0.17771342264965687, "similarity": "cosine", "normalize": false}, {"topK_age": 945, "topK_region": 25, "shrink_region": 965, "shrink_age": 964, "age_weight": 0.023029783699355492, "similarity": "cosine", "normalize": false}, {"topK_age": 30, "topK_region": 977, "shrink_region": 964, "shrink_age": 854, "age_weight": 0.028454858923675948, "similarity": "cosine", "normalize": true}, {"topK_age": 975, "topK_region": 45, "shrink_region": 956, "shrink_age": 11, "age_weight": 0.8945903743571832, "similarity": "cosine", "normalize": false}, {"topK_age": 1000, "topK_region": 1000, "shrink_region": 1000, "shrink_age": 0, "age_weight": 1.0, "similarity": "cosine", "normalize": false}, {"topK_age": 999, "topK_region": 986, "shrink_region": 118, "shrink_age": 955, "age_weight": 0.015517282186121587, "similarity": "cosine", "normalize": true}, {"topK_age": 1000, "topK_region": 1000, "shrink_region": 1000, "shrink_age": 0, "age_weight": 0.0, "similarity": "cosine", "normalize": true}, {"topK_age": 55, "topK_region": 123, "shrink_region": 34, "shrink_age": 21, "age_weight": 0.01284281362840323, "similarity": "cosine", "normalize": true}, {"topK_age": 989, "topK_region": 925, "shrink_region": 19, "shrink_age": 113, "age_weight": 0.0010347423215704146, "similarity": "cosine", "normalize": true}, {"topK_age": 913, "topK_region": 29, "shrink_region": 20, "shrink_age": 990, "age_weight": 0.9817546755049064, "similarity": "cosine", "normalize": true}, {"topK_age": 2, "topK_region": 989, "shrink_region": 998, "shrink_age": 801, "age_weight": 0.951418216940628, "similarity": "cosine", "normalize": false}, {"topK_age": 980, "topK_region": 129, "shrink_region": 15, "shrink_age": 39, "age_weight": 0.9113827353037289, "similarity": "cosine", "normalize": false}, {"topK_age": 1000, "topK_region": 1000, "shrink_region": 0, "shrink_age": 1000, "age_weight": 1.0, "similarity": "cosine", "normalize": false}, {"topK_age": 979, "topK_region": 97, "shrink_region": 975, "shrink_age": 4, "age_weight": 0.9500886452527207, "similarity": "cosine", "normalize": false}, {"topK_age": 1, "topK_region": 979, "shrink_region": 15, "shrink_age": 7, "age_weight": 0.9182112197712637, "similarity": "cosine", "normalize": false}, {"topK_age": 895, "topK_region": 18, "shrink_region": 5, "shrink_age": 983, "age_weight": 0.9596559536429261, "similarity": "cosine", "normalize": true}, {"topK_age": 983, "topK_region": 38, "shrink_region": 997, "shrink_age": 947, "age_weight": 0.016657556756052076, "similarity": "cosine", "normalize": false}, {"topK_age": 967, "topK_region": 12, "shrink_region": 987, "shrink_age": 27, "age_weight": 0.0017481852675961256, "similarity": "cosine", "normalize": false}, {"topK_age": 985, "topK_region": 981, "shrink_region": 106, "shrink_age": 93, "age_weight": 0.09466994405358778, "similarity": "cosine", "normalize": false}, {"topK_age": 1000, "topK_region": 1000, "shrink_region": 1000, "shrink_age": 1000, "age_weight": 1.0, "similarity": "cosine", "normalize": false}, {"topK_age": 1000, "topK_region": 1000, "shrink_region": 0, "shrink_age": 0, "age_weight": 1.0, "similarity": "cosine", "normalize": false}, {"topK_age": 928, "topK_region": 36, "shrink_region": 2, "shrink_age": 898, "age_weight": 0.9926892868546492, "similarity": "cosine", "normalize": false}, {"topK_age": 1, "topK_region": 106, "shrink_region": 866, "shrink_age": 995, "age_weight": 0.9366624963203986, "similarity": "cosine", "normalize": true}, {"topK_age": 973, "topK_region": 141, "shrink_region": 41, "shrink_age": 964, "age_weight": 0.013148631868800779, "similarity": "cosine", "normalize": true}, {"topK_age": 1000, "topK_region": 1000, "shrink_region": 0, "shrink_age": 1000, "age_weight": 1.0, "similarity": "cosine", "normalize": false}, {"topK_age": 999, "topK_region": 991, "shrink_region": 9, "shrink_age": 948, "age_weight": 0.047895438991179554, "similarity": "cosine", "normalize": true}, {"topK_age": 977, "topK_region": 20, "shrink_region": 143, "shrink_age": 0, "age_weight": 0.9702505063306531, "similarity": "cosine", "normalize": true}, {"topK_age": 962, "topK_region": 988, "shrink_region": 992, "shrink_age": 890, "age_weight": 0.004832363325056322, "similarity": "cosine", "normalize": true}, {"topK_age": 8, "topK_region": 783, "shrink_region": 46, "shrink_age": 19, "age_weight": 0.011329379538142616, "similarity": "cosine", "normalize": false}, {"topK_age": 976, "topK_region": 819, "shrink_region": 965, "shrink_age": 4, "age_weight": 0.9661419049335737, "similarity": "cosine", "normalize": true}, {"topK_age": 1000, "topK_region": 1000, "shrink_region": 0, "shrink_age": 0, "age_weight": 1.0, "similarity": "cosine", "normalize": true}, {"topK_age": 16, "topK_region": 7, "shrink_region": 949, "shrink_age": 65, "age_weight": 0.984541599083108, "similarity": "cosine", "normalize": false}, {"topK_age": 1000, "topK_region": 1000, "shrink_region": 1000, "shrink_age": 1000, "age_weight": 1.0, "similarity": "cosine", "normalize": true}, {"topK_age": 977, "topK_region": 20, "shrink_region": 893, "shrink_age": 850, "age_weight": 0.014392264975846007, "similarity": "cosine", "normalize": false}, {"topK_age": 1000, "topK_region": 1000, "shrink_region": 0, "shrink_age": 1000, "age_weight": 1.0, "similarity": "cosine", "normalize": false}, {"topK_age": 982, "topK_region": 936, "shrink_region": 998, "shrink_age": 93, "age_weight": 0.09152871999477487, "similarity": "cosine", "normalize": true}, {"topK_age": 975, "topK_region": 963, "shrink_region": 987, "shrink_age": 946, "age_weight": 0.05213783804300699, "similarity": "cosine", "normalize": false}, {"topK_age": 974, "topK_region": 12, "shrink_region": 50, "shrink_age": 14, "age_weight": 0.08776293771008438, "similarity": "cosine", "normalize": false}, {"topK_age": 3, "topK_region": 961, "shrink_region": 975, "shrink_age": 952, "age_weight": 0.9909896815522783, "similarity": "cosine", "normalize": false}, {"topK_age": 962, "topK_region": 61, "shrink_region": 931, "shrink_age": 78, "age_weight": 0.9611638605554192, "similarity": "cosine", "normalize": true}, {"topK_age": 1000, "topK_region": 1000, "shrink_region": 1000, "shrink_age": 1000, "age_weight": 0.0, "similarity": "cosine", "normalize": false}, {"topK_age": 1000, "topK_region": 1000, "shrink_region": 0, "shrink_age": 0, "age_weight": 1.0, "similarity": "cosine", "normalize": true}, {"topK_age": 992, "topK_region": 20, "shrink_region": 103, "shrink_age": 63, "age_weight": 0.05997136887334199, "similarity": "cosine", "normalize": false}]