[{"user_cf_weight": 1, "item_cf_weight": 25, "user_cbf_weight": 79}, {"user_cf_weight": 83, "item_cf_weight": 32, "user_cbf_weight": 3}, {"user_cf_weight": 48, "item_cf_weight": 97, "user_cbf_weight": 97}, {"user_cf_weight": 47, "item_cf_weight": 47, "user_cbf_weight": 46}, {"user_cf_weight": 41, "item_cf_weight": 1, "user_cbf_weight": 80}, {"user_cf_weight": 8, "item_cf_weight": 100, "user_cbf_weight": 4}, {"user_cf_weight": 97, "item_cf_weight": 100, "user_cbf_weight": 8}, {"user_cf_weight": 2, "item_cf_weight": 99, "user_cbf_weight": 89}, {"user_cf_weight": 3, "item_cf_weight": 100, "user_cbf_weight": 11}, {"user_cf_weight": 99, "item_cf_weight": 100, "user_cbf_weight": 99}, {"user_cf_weight": 0, "item_cf_weight": 100, "user_cbf_weight": 0}, {"user_cf_weight": 0, "item_cf_weight": 100, "user_cbf_weight": 0}, {"user_cf_weight": 3, "item_cf_weight": 0, "user_cbf_weight": 17}, {"user_cf_weight": 0, "item_cf_weight": 100, "user_cbf_weight": 98}, {"user_cf_weight": 98, "item_cf_weight": 100, "user_cbf_weight": 6}, {"user_cf_weight": 1, "item_cf_weight": 99, "user_cbf_weight": 96}, {"user_cf_weight": 0, "item_cf_weight": 100, "user_cbf_weight": 0}, {"user_cf_weight": 0, "item_cf_weight": 100, "user_cbf_weight": 100}, {"user_cf_weight": 0, "item_cf_weight": 100, "user_cbf_weight": 0}, {"user_cf_weight": 0, "item_cf_weight": 100, "user_cbf_weight": 100}, {"user_cf_weight": 0, "item_cf_weight": 100, "user_cbf_weight": 0}, {"user_cf_weight": 100, "item_cf_weight": 99, "user_cbf_weight": 93}, {"user_cf_weight": 0, "item_cf_weight": 2, "user_cbf_weight": 95}, {"user_cf_weight": 0, "item_cf_weight": 100, "user_cbf_weight": 0}, {"user_cf_weight": 99, "item_cf_weight": 100, "user_cbf_weight": 2}, {"user_cf_weight": 99, "item_cf_weight": 100, "user_cbf_weight": 0}, {"user_cf_weight": 99, "item_cf_weight": 99, "user_cbf_weight": 91}, {"user_cf_weight": 1, "item_cf_weight": 61, "user_cbf_weight": 2}, {"user_cf_weight": 0, "item_cf_weight": 67, "user_cbf_weight": 98}, {"user_cf_weight": 0, "item_cf_weight": 78, "user_cbf_weight": 0}, {"user_cf_weight": 0, "item_cf_weight": 62, "user_cbf_weight": 7}, {"user_cf_weight": 0, "item_cf_weight": 77, "user_cbf_weight": 0}, {"user_cf_weight": 100, "item_cf_weight": 49, "user_cbf_weight": 100}, {"user_cf_weight": 0, "item_cf_weight": 79, "user_cbf_weight": 0}, {"user_cf_weight": 1, "item_cf_weight": 68, "user_cbf_weight": 98}, {"user_cf_weight": 95, "item_cf_weight": 0, "user_cbf_weight": 14}, {"user_cf_weight": 100, "item_cf_weight": 0, "user_cbf_weight": 74}, {"user_cf_weight": 99, "item_cf_weight": 56, "user_cbf_weight": 2}, {"user_cf_weight": 97, "item_cf_weight": 0, "user_cbf_weight": 6}, {"user_cf_weight": 0, "item_cf_weight": 100, "user_cbf_weight": 0}]