[{"l1_ratio": 0.7587140884161994, "topK": 701, "positive_only": true}, {"l1_ratio": 0.9922044177699239, "topK": 439, "positive_only": false}, {"l1_ratio": 0.6716236542347567, "topK": 820, "positive_only": true}, {"l1_ratio": 0.8858771231153789, "topK": 996, "positive_only": true}, {"l1_ratio": 0.19987255103675822, "topK": 262, "positive_only": true}, {"l1_ratio": 0.0, "topK": 0, "positive_only": false}, {"l1_ratio": 0.0, "topK": 1000, "positive_only": false}, null, null, null, null, null, null, null, null, null, null, null, null, null, null, null, null, null, null, null, null, null, null, null, null, null, null, null, null, null, null, null, null, null, null, null, null, null, null, null, null, null, null, null, null, null, null, null, null, null, null, null, null, null, null, null, null, null, null, null, null, null, null, null, null, null, null, null, null, null, null, null, null, null, null, null, null, null, null, null, null, null, null, null, null, null, null, null, null, null, null, null, null, null]